year,theta_mean,theta_sd,trust_pct_pred,spec,n_anchor,r2,intercept,slope
1979,0.243599448065,0.16094601466720362,22.606178185785826,A. All overlap years,22,0.0678380380922123,18.577488797305545,16.538171249900774
1980,0.23176999877499999,0.15552430825567176,22.410540727635787,A. All overlap years,22,0.0678380380922123,18.577488797305545,16.538171249900774
1981,0.2151202777,0.1431491889535944,22.135184789234355,A. All overlap years,22,0.0678380380922123,18.577488797305545,16.538171249900774
1982,0.2015092237925,0.12963432710501205,21.91008284882049,A. All overlap years,22,0.0678380380922123,18.577488797305545,16.538171249900774
1983,0.18606116835,0.1081656988785094,21.654600262434464,A. All overlap years,22,0.0678380380922123,18.577488797305545,16.538171249900774
1984,0.171384359275,0.08324149591355542,21.411872680550015,A. All overlap years,22,0.0678380380922123,18.577488797305545,16.538171249900774
1985,0.149716119275,0.03818185510516329,21.053519616746065,A. All overlap years,22,0.0678380380922123,18.577488797305545,16.538171249900774
1988,0.292621462675,0.13602441922814928,23.416912658421143,A. All overlap years,22,0.0678380380922123,18.577488797305545,16.538171249900774
1989,0.3409755092,0.13517511808358557,24.216600160477263,A. All overlap years,22,0.0678380380922123,18.577488797305545,16.538171249900774
1990,0.392515281625,0.12059801231840343,25.068973743022827,A. All overlap years,22,0.0678380380922123,18.577488797305545,16.538171249900774
1992,0.46760578785,0.12890335264304706,26.310833394213617,A. All overlap years,22,0.0678380380922123,18.577488797305545,16.538171249900774
1993,0.478609533875,0.1534835873645741,26.49281523036548,A. All overlap years,22,0.0678380380922123,18.577488797305545,16.538171249900774
1995,0.503600862925,0.15428574455117128,26.906126109957,A. All overlap years,22,0.0678380380922123,18.577488797305545,16.538171249900774
1999,0.4559343425,0.06912281659332635,26.117809032281457,A. All overlap years,22,0.0678380380922123,18.577488797305545,16.538171249900774
2004,0.21854443,0.02836110670209188,22.191814006357497,A. All overlap years,22,0.0678380380922123,18.577488797305545,16.538171249900774
2006,0.29918542525,0.06025199922281408,23.525468595564433,A. All overlap years,22,0.0678380380922123,18.577488797305545,16.538171249900774
2008,0.24192681975,0.03067909050958625,22.57851597227492,A. All overlap years,22,0.0678380380922123,18.577488797305545,16.538171249900774
2014,0.3281027025,0.03426112065676134,24.003707478805794,A. All overlap years,22,0.0678380380922123,18.577488797305545,16.538171249900774
2015,0.369294459,0.0635190738918306,24.684943801887005,A. All overlap years,22,0.0678380380922123,18.577488797305545,16.538171249900774
2018,0.348302261,0.03552245049784328,24.337771236451182,A. All overlap years,22,0.0678380380922123,18.577488797305545,16.538171249900774
1979,0.243599448065,0.16094601466720362,18.768252078363226,B. Post-1990 only,20,0.5164176417909128,9.852645950756608,36.599451264879924
1980,0.23176999877499999,0.15552430825567176,18.3353007255835,B. Post-1990 only,20,0.5164176417909128,9.852645950756608,36.599451264879924
1981,0.2151202777,0.1431491889535944,17.725930070525195,B. Post-1990 only,20,0.5164176417909128,9.852645950756608,36.599451264879924
1982,0.2015092237925,0.12963432710501205,17.227772966373994,B. Post-1990 only,20,0.5164176417909128,9.852645950756608,36.599451264879924
1983,0.18606116835,0.1081656988785094,16.662382614069053,B. Post-1990 only,20,0.5164176417909128,9.852645950756608,36.599451264879924
1984,0.171384359275,0.08324149591355542,16.125219455604643,B. Post-1990 only,20,0.5164176417909128,9.852645950756608,36.599451264879924
1985,0.149716119275,0.03818185510516329,15.33217376172892,B. Post-1990 only,20,0.5164176417909128,9.852645950756608,36.599451264879924
1988,0.292621462675,0.13602441922814928,20.56243091298815,B. Post-1990 only,20,0.5164176417909128,9.852645950756608,36.599451264879924
1989,0.3409755092,0.13517511808358557,22.332162482239625,B. Post-1990 only,20,0.5164176417909128,9.852645950756608,36.599451264879924
1990,0.392515281625,0.12059801231840343,24.218489871311412,B. Post-1990 only,20,0.5164176417909128,9.852645950756608,36.599451264879924
1992,0.46760578785,0.12890335264304706,26.966761194348464,B. Post-1990 only,20,0.5164176417909128,9.852645950756608,36.599451264879924
1993,0.478609533875,0.1534835873645741,27.369492260721568,B. Post-1990 only,20,0.5164176417909128,9.852645950756608,36.599451264879924
1995,0.503600862925,0.15428574455117128,28.28416119033162,B. Post-1990 only,20,0.5164176417909128,9.852645950756608,36.599451264879924
1999,0.4559343425,0.06912281659332635,26.53959269907043,B. Post-1990 only,20,0.5164176417909128,9.852645950756608,36.599451264879924
2004,0.21854443,0.02836110670209188,17.85125216575257,B. Post-1990 only,20,0.5164176417909128,9.852645950756608,36.599451264879924
2006,0.29918542525,0.06025199922281408,20.80266834135636,B. Post-1990 only,20,0.5164176417909128,9.852645950756608,36.599451264879924
2008,0.24192681975,0.03067909050958625,18.70703479986412,B. Post-1990 only,20,0.5164176417909128,9.852645950756608,36.599451264879924
2014,0.3281027025,0.03426112065676134,21.861024820780756,B. Post-1990 only,20,0.5164176417909128,9.852645950756608,36.599451264879924
2015,0.369294459,0.0635190738918306,23.368620505317306,B. Post-1990 only,20,0.5164176417909128,9.852645950756608,36.599451264879924
2018,0.348302261,0.03552245049784328,22.600317577673597,B. Post-1990 only,20,0.5164176417909128,9.852645950756608,36.599451264879924
1979,0.243599448065,0.16094601466720362,23.33174982146937,C. Excl. crisis years,20,0.04071632803963757,20.201214516416602,12.85115926952938
1980,0.23176999877499999,0.15552430825567176,23.179727684572757,C. Excl. crisis years,20,0.04071632803963757,20.201214516416602,12.85115926952938
1981,0.2151202777,0.1431491889535944,22.96575946724469,C. Excl. crisis years,20,0.04071632803963757,20.201214516416602,12.85115926952938
1982,0.2015092237925,0.12963432710501205,22.79084164565326,C. Excl. crisis years,20,0.04071632803963757,20.201214516416602,12.85115926952938
1983,0.18606116835,0.1081656988785094,22.59231622475717,C. Excl. crisis years,20,0.04071632803963757,20.201214516416602,12.85115926952938
1984,0.171384359275,0.08324149591355542,22.40370221376587,C. Excl. crisis years,20,0.04071632803963757,20.201214516416602,12.85115926952938
1985,0.149716119275,0.03818185510516329,22.125240210435486,C. Excl. crisis years,20,0.04071632803963757,20.201214516416602,12.85115926952938
1988,0.292621462675,0.13602441922814928,23.961739538935674,C. Excl. crisis years,20,0.04071632803963757,20.201214516416602,12.85115926952938
1989,0.3409755092,0.13517511808358557,24.583145092154684,C. Excl. crisis years,20,0.04071632803963757,20.201214516416602,12.85115926952938
1990,0.392515281625,0.12059801231840343,25.245490916303655,C. Excl. crisis years,20,0.04071632803963757,20.201214516416602,12.85115926952938
1992,0.46760578785,0.12890335264304706,26.21049097143072,C. Excl. crisis years,20,0.04071632803963757,20.201214516416602,12.85115926952938
1993,0.478609533875,0.1534835873645741,26.351901864159444,C. Excl. crisis years,20,0.04071632803963757,20.201214516416602,12.85115926952938
1995,0.503600862925,0.15428574455117128,26.673069414138208,C. Excl. crisis years,20,0.04071632803963757,20.201214516416602,12.85115926952938
1999,0.4559343425,0.06912281659332635,26.06049936833226,C. Excl. crisis years,20,0.04071632803963757,20.201214516416602,12.85115926952938
2004,0.21854443,0.02836110670209188,23.009763793815118,C. Excl. crisis years,20,0.04071632803963757,20.201214516416602,12.85115926952938
2006,0.29918542525,0.06025199922281408,24.04609406742623,C. Excl. crisis years,20,0.04071632803963757,20.201214516416602,12.85115926952938
2008,0.24192681975,0.03067909050958625,23.31025460859458,C. Excl. crisis years,20,0.04071632803963757,20.201214516416602,12.85115926952938
2014,0.3281027025,0.03426112065676134,24.417714603007116,C. Excl. crisis years,20,0.04071632803963757,20.201214516416602,12.85115926952938
2015,0.369294459,0.0635190738918306,24.94707642638029,C. Excl. crisis years,20,0.04071632803963757,20.201214516416602,12.85115926952938
2018,0.348302261,0.03552245049784328,24.677302346464792,C. Excl. crisis years,20,0.04071632803963757,20.201214516416602,12.85115926952938
1979,0.243599448065,0.16094601466720362,18.341733880599342,D. TrustGov real-anchors only,18,0.6702979774910615,6.754232031849478,47.567849355955666
1980,0.23176999877499999,0.15552430825567176,17.779032418808708,D. TrustGov real-anchors only,18,0.6702979774910615,6.754232031849478,47.567849355955666
1981,0.2151202777,0.1431491889535944,16.987040994894425,D. TrustGov real-anchors only,18,0.6702979774910615,6.754232031849478,47.567849355955666
1982,0.2015092237925,0.12963432710501205,16.339592433046676,D. TrustGov real-anchors only,18,0.6702979774910615,6.754232031849478,47.567849355955666
1983,0.18606116835,0.1081656988785094,15.604761658915384,D. TrustGov real-anchors only,18,0.6702979774910615,6.754232031849478,47.567849355955666
1984,0.171384359275,0.08324149591355542,14.906617415809661,D. TrustGov real-anchors only,18,0.6702979774910615,6.754232031849478,47.567849355955666
1985,0.149716119275,0.03818185510516329,13.875905839680968,D. TrustGov real-anchors only,18,0.6702979774910615,6.754232031849478,47.567849355955666
1988,0.292621462675,0.13602441922814928,20.673605686693282,D. TrustGov real-anchors only,18,0.6702979774910615,6.754232031849478,47.567849355955666
1989,0.3409755092,0.13517511808358557,22.973703687545353,D. TrustGov real-anchors only,18,0.6702979774910615,6.754232031849478,47.567849355955666
1990,0.392515281625,0.12059801231840343,25.42533981809799,D. TrustGov real-anchors only,18,0.6702979774910615,6.754232031849478,47.567849355955666
1992,0.46760578785,0.12890335264304706,28.997233706271242,D. TrustGov real-anchors only,18,0.6702979774910615,6.754232031849478,47.567849355955666
1993,0.478609533875,0.1534835873645741,29.52065823953964,D. TrustGov real-anchors only,18,0.6702979774910615,6.754232031849478,47.567849355955666
1995,0.503600862925,0.15428574455117128,30.709442014995155,D. TrustGov real-anchors only,18,0.6702979774910615,6.754232031849478,47.567849355955666
1999,0.4559343425,0.06912281659332635,28.44204815209617,D. TrustGov real-anchors only,18,0.6702979774910615,6.754232031849478,47.567849355955666
2004,0.21854443,0.02836110670209188,17.149920555672676,D. TrustGov real-anchors only,18,0.6702979774910615,6.754232031849478,47.567849355955666
2006,0.29918542525,0.06025199922281408,20.985839269639012,D. TrustGov real-anchors only,18,0.6702979774910615,6.754232031849478,47.567849355955666
2008,0.24192681975,0.03067909050958625,18.262170548882917,D. TrustGov real-anchors only,18,0.6702979774910615,6.754232031849478,47.567849355955666
2014,0.3281027025,0.03426112065676134,22.361371957651418,D. TrustGov real-anchors only,18,0.6702979774910615,6.754232031849478,47.567849355955666
2015,0.369294459,0.0635190738918306,24.320775225550623,D. TrustGov real-anchors only,18,0.6702979774910615,6.754232031849478,47.567849355955666
2018,0.348302261,0.03552245049784328,23.32222151343623,D. TrustGov real-anchors only,18,0.6702979774910615,6.754232031849478,47.567849355955666
